Lĩnh vực/Chủ đề,Số lượng,Tỷ lệ (%)
NLP,78,17.65
Computer Vision,60,13.57
LLM,38,8.6
CV,21,4.75
AI Agent,20,4.52
LLMs,15,3.39
Y tế,14,3.17
VLM,14,3.17
...,13,2.94
Reinforcement Learning,13,2.94
Machine Learning,12,2.71
Computer vision,11,2.49
Tài chính,10,2.26
Deep Learning,10,2.26
RL,9,2.04
computer vision,9,2.04
MLOps,9,2.04
GenAI,9,2.04
Agentic AI,9,2.04
AI agent,8,1.81
RAG,7,1.58
tài chính,7,1.58
Giáo dục,7,1.58
Agent,6,1.36
Natural Language Processing,5,1.13
Data Science,5,1.13
chatbot,5,1.13
Chatbot,5,1.13
y tế,5,1.13
Robotics,5,1.13
...),5,1.13
AI Agents,5,1.13
Kinh tế,4,0.9
OCR,4,0.9
Marketing,4,0.9
Finance,4,0.9
AI agents,4,0.9
Bioinformatics,3,0.68
XAI,3,0.68
segmentation,3,0.68
Multi-Agent Systems,3,0.68
Object Detection,3,0.68
AI in Medical,3,0.68
AI engineer,3,0.68
Medical,3,0.68
Vision Language Model,3,0.68
robotics,3,0.68
AI in Finance,3,0.68
nlp,3,0.68
Generative AI,3,0.68
machine learning,2,0.45
Gen AI,2,0.45
AI trong giáo dục,2,0.45
gen AI,2,0.45
Supply Chain Optimization,2,0.45
Data Analysis,2,0.45
Supply Chain,2,0.45
FinTech,2,0.45
ML,2,0.45
Medical image,2,0.45
Robotic,2,0.45
AI in medical,2,0.45
AI trong Y tế,2,0.45
automation,2,0.45
Xử lý ngôn ngữ tự nhiên,2,0.45
AI trong y tế,2,0.45
cv,2,0.45
data scientist,2,0.45
Học máy,2,0.45
Computer Vision for Medical,2,0.45
..,2,0.45
DL,2,0.45
ảnh y tế,2,0.45
AGI,2,0.45
Xử lý ảnh,2,0.45
thương mại điện tử,2,0.45
thị giác máy tính,2,0.45
LLMOps,2,0.45
Thị giác máy tính,2,0.45
ML/DL,2,0.45
Computer Vison,2,0.45
các mô hình ngôn ngữ lớn,2,0.45
Education,2,0.45
MoE,2,0.45
NLP/LLM,1,0.23
AI in Education & Cognitive Science,1,0.23
AI for Finance & Compliance,1,0.23
AI in Digital Health,1,0.23
Responsible AI & AI Ethics,1,0.23
AI in Robotics,1,0.23
Green AI,1,0.23
Ứng dụng của AI/ML trong lĩnh vực Finance và Economic,1,0.23
"1 số định hướng hiện tại:
+ Nghiên cứu các mô hình dự báo (ARIMA",1,0.23
SARIMA,1,0.23
GARCH,1,0.23
etc) trong (1) dự báo tăng trưởng kinh tế,1,0.23
"(2) biến động giá các sản phẩm tài chính truyền thống và phi truyền thống
+ Ứng dụng NLP trong quản trị rủi ro (Example: fraud detection",1,0.23
credit score) trong lĩnh vực ngân hàng,1,0.23
"bảo hiểm 
+ Tự động hóa quá trình tối ưu danh mục đầu tư bằng Reinforcement Learning
+ Ứng dụng Alternative Data (Example: satellite imagery",1,0.23
"social media sentiment) trong quá trình tối ưu quyết định đầu tư
+ Nghiên cứu khả năng ứng dụng của Semi-supervised Learning",1,0.23
đặc biệt là trong bài toán Clustering,1,0.23
AI Agents nhưng mà mình vẫn muốn tiếp xúc với nhiều chủ đề trong AI để có thể có thêm kinh nghiệm cho sự lựa chọn của mình trong tương lai.,1,0.23
stable diffusion,1,0.23
transformer,1,0.23
ai medical,1,0.23
Ứng dụng AI trong robotics,1,0.23
OCR (Optical Character Recognition),1,0.23
Object Tracking,1,0.23
quantitative finance,1,0.23
algorithm trading,1,0.23
apply AI in finance,1,0.23
Nlp,1,0.23
Vision language model,1,0.23
VQA,1,0.23
Ai và Thị giác máy,1,0.23
học máy học sâu. Ai tạo sinh,1,0.23
HealthCare,1,0.23
Về ảnh,1,0.23
"video.
Chỉnh sửa ảnh",1,0.23
video bằng ngôn ngữ tự nhiên,1,0.23
VLMs,1,0.23
optimization in ML theory,1,0.23
Khoa học xã hội và hành vi,1,0.23
Y tế.,1,0.23
Xử lý các tín hiệu y học,1,0.23
phân loại,1,0.23
chẩn đoán bệnh. LLM trong y học và tin y học,1,0.23
AI trong lĩnh vực IT automation,1,0.23
neural networks,1,0.23
computer vision.,1,0.23
Natural Language Processing.,1,0.23
Logistics,1,0.23
eCommerce,1,0.23
"Law application
Image/Vision understanding",1,0.23
AI on (Edge) Device,1,0.23
Quantitative Finance,1,0.23
applied AI in Education,1,0.23
Em mới bắt đầu nên chưa thực sự rõ ạ. Em muốn ứng dụng AI vào Marketing,1,0.23
Mình rất quan tâm đến ứng dụng của  AI trong lĩnh vực Chuẩn đoán hình ảnh,1,0.23
đặc biệt là mảng y tế. Rất hi vọng đc tham gia cùng mọi người.,1,0.23
Xây dựng,1,0.23
Vận hành doanh nghiệp,1,0.23
AI in medical or detect abnormal behavior,1,0.23
LLM và CV,1,0.23
AI tạo sinh,1,0.23
em quan tâm đến NLP và học máy trong lĩnh vực y học ạ cụ thể là đông y,1,0.23
"Em vẫn chưa thật sự chọn được chủ đề quan tâm trong AI và vẫn còn đang trải nghiệm với các hướng khác nhau để thử sức.
Hiện tại thì em đang thực hiện hai dự án một là về NLP bài toán phân loại tin tức giả tiếng Việt. Bài thứ hai là xử lý",1,0.23
phân loại hình ảnh y tế. Em nhận thấy bản thân có xu hướng quan tâm đến AI theo hướng ứng dụng,1,0.23
tập trung vào thực tiễn,1,0.23
đặc biệt là trong lĩnh vực y tế.,1,0.23
Memory AI Agent,1,0.23
AI Search,1,0.23
Tự động hóa doanh nghiệp,1,0.23
ứng dụng AI trong doanh nghiệp,1,0.23
Em định hướng theo lĩnh vực Computer Vision,1,0.23
với mong muốn hiểu sâu các nguyên lý bên trong mô hình và tìm hướng cải tiến,1,0.23
"cũng như ứng dụng AI vào các vấn đề thực tiễn. Một số chủ đề em đang quan tâm là: 

- Computer Vision for Science & Healthcare: khai thác CV như một công cụ hỗ trợ phân tích hình ảnh khoa học",1,0.23
đặc biệt là trong y tế,1,0.23
"giáo dục hoặc nghiên cứu xã hội.

- Representation Learning và Vision Foundation Models: cách xây dựng các mô hình học biểu diễn ảnh tốt",1,0.23
linh hoạt,1,0.23
"có khả năng transfer tốt sang nhiều bài toán thị giác khác nhau.

- Generative Models: hiểu cơ chế sinh",1,0.23
kiểm soát và đánh giá độ tin cậy của ảnh sinh ra,1,0.23
"ví dụ như với deepfake detection.

- 3D & Multimodal Vision: khám phá cách trích xuất thông tin không gian từ dữ liệu ảnh 2D",1,0.23
cũng như tích hợp giữa ảnh và ngôn ngữ để tạo ra hệ thống hiểu biết toàn diện hơn.,1,0.23
Cyber Security,1,0.23
Threat Detection and Prevention,1,0.23
Big Data Analytics,1,0.23
Phishing Detection,1,0.23
NLP and LLMs,1,0.23
tác nhân AI,1,0.23
Computer music (Automated Music Transcription,1,0.23
Music Generation),1,0.23
Em khá hứng thú về các chủ đề liên quan trong computer vision,1,0.23
liên quan tới guidance cho robot cũng như ứng dụng vào các tiện ích trong cuộc sống,1,0.23
đồng thời em cũng có nguyện vọng nghiên cứu về các kiểu dữ liệu khác như âm thanh.,1,0.23
Ứng dụng Computer Vision trong lĩnh vực phân tích hình ảnh y khoa và robotics,1,0.23
Visual Language Model,1,0.23
Hiện em chưa có dự định hay hướng đi cụ thể,1,0.23
Ứng dụng Deep Learning trong Computer Vision và Xử lý Ngôn ngữ Tự nhiên (NLP),1,0.23
Decision Making,1,0.23
Em vẫn đang trong giai đoạn tìm hiểu các lĩnh vực trong AI,1,0.23
nhưng kiến thức về CV thì nhiều hơn NLP ạ.,1,0.23
Viễn Thám,1,0.23
Mô hình hóa đa tác tử,1,0.23
Nông nghiệp,1,0.23
Môi trường,1,0.23
ứng dụng trong Y Khoa,1,0.23
Giáo Dục,1,0.23
Tài Chính,1,0.23
Marketing.,1,0.23
computer vision hoặc một số lĩnh vực thông dụng gần gũi với HS c3,1,0.23
Chưa biết nhiều,1,0.23
Ứng dụng AI để dự đoán nhu cầu thuốc tại bệnh viện các tuyến,1,0.23
Mình hiện quan tâm ứng dụng AI trong việc phân tích dữ liệu và xây dựng sản phẩm giúp kết nối cộng đồng.,1,0.23
Computer Vision trong Y/Dược. Tự học không có data.,1,0.23
Ensemble Learning,1,0.23
Tabular Data,1,0.23
Feature Selection,1,0.23
Classification Models,1,0.23
Optimization,1,0.23
Computer Vision với y tế,1,0.23
Tài chính - ngân hàng,1,0.23
Bán lẻ và Thương mại điện tử,1,0.23
AI Automation,1,0.23
RAG chatbot,1,0.23
Mội trường,1,0.23
Văn bản,1,0.23
Đo lường lượng giá năng lực,1,0.23
Y tế từ xa,1,0.23
chẩn đoán hình ảnh,1,0.23
dựng hình 3D bằng AI,1,0.23
AI agent tư vấn bệnh nhân cá thể hóa,1,0.23
AI slicing software 3D printing,1,0.23
medical diagnosis and research,1,0.23
optimization,1,0.23
AI nghiêm cứu phát triển cùng y tế,1,0.23
AI Agent trong khảo thí,1,0.23
lượng giá như AI MCQs,1,0.23
Tài chính định lượng với ML,1,0.23
Ứng dụng AI trong tự động hóa xử lý thông tin,1,0.23
... eager to learn new things,1,0.23
Em chưa nghiêng về lĩnh vực nào cả,1,0.23
E-commerce,1,0.23
Banking,1,0.23
Neural Networks hướng đến xử lý ngôn ngữ tự nhiên và thị giác máy tính,1,0.23
Em có dự định tập trung toàn thời gian vào NLP/LLMs,1,0.23
AI Agents để ra được một bài báo hoàn chỉnh về mặt học thuật. Dù vậy thì em cũng cởi mở với các kiến thức và góc nhìn khác như CV,1,0.23
... vì biết đâu trong tương lai sẽ lại có sự chuyển dịch cơ cấu ngành khác ^^ nên em cũng không ngại làm việc với các bạn khác định hướng đâu ạ,1,0.23
trên tinh thần cởi mở và tôn trọng lẫn nhau là được ạ.,1,0.23
Chưa có chủ đề quan tâm cụ thể do chưa có background về AI,1,0.23
Machine Unlearning,1,0.23
Ứng dụng trong DA,1,0.23
chủ đề áp dụng cho marketing và business,1,0.23
AI,1,0.23
nhận diện bằng qua hình ảnh ( mình nghĩ là computer vision ),1,0.23
- AI trong lĩnh vực y tế (chuẩn đoán bệnh thông qua:  tế bào,1,0.23
ảnh CT,1,0.23
MRI,1,0.23
...) sử dụng cho nhiều quốc gia,1,0.23
"...
- AI ứng dụng cho bệnh ở các đối tượng Người lớn",1,0.23
trẻ em,1,0.23
"...
- XAI trong y tế (giải thích dựa vào đâu mà ra quyết định các loại bệnh)
- Agent cho các hệ thống y tế",1,0.23
"Computer Vision: 
1. Apply vào Supply Chain and Warehouse 
2. Có hứng thú mong muốn thu thập thêm kiến thức apply CV vào Y Tế",1,0.23
Computational Neuroscience,1,0.23
Biometric in CV,1,0.23
Ảnh y tế,1,0.23
ứng dụng computer vision trong các hệ thống ai on edge.,1,0.23
Model Architectures,1,0.23
time-series,1,0.23
autoML,1,0.23
Time Series,1,0.23
Time-series,1,0.23
AI trong điều khiển tự động,1,0.23
vẫn đang phân vân giữa lựa chọn computer vision và NLP,1,0.23
Computer Vision như object detection,1,0.23
object tracking,1,0.23
"segment ứng dụng vào các lĩnh vực trong đười sống như medical tech.
Vision-Language Model.
Generative AI.",1,0.23
"Kết hợp AI và big data để nghiên cứu ảnh hưởng của các chính sách công nhằm thúc đẩy khả năng thăng tiến xã hội
Cách AI mở ra cơ hội phát triển kinh tế",1,0.23
"phát triển các doanh nghiệp kì lân cho các quốc gia đang phát triển
Ứng dụng AI trong việc phân tích tín dụng và kiểm soát rủi ro tài chính
Cách AI có thể hỗ trợ giáo dục trở nên công bằng và dễ tiếp cận hơn",1,0.23
cũng như hỗ trợ việc tự học hiệu quả hơn,1,0.23
1. Ứng dụng trong kinh tế,1,0.23
"tìa chính
2. Ứng dụng trong y tế
3. Ứng dụng trong xây dựng",1,0.23
Ứng dụng trong kinh tế,1,0.23
xử lý nhiều dạng dữ liệu khác nhau,1,0.23
Machine learning,1,0.23
deep learning,1,0.23
Deep Machine Learning,1,0.23
Foundation Models,1,0.23
Ứng dụng AI trong ngành công nghiệp Ôtô,1,0.23
AI tham gia vào quá trình dự đoán,1,0.23
dự báo và cảnh báo các hệ thống trên xe Ô tô đặc biệt là hệ thống phanh và giúp xe cải thiện tình trạng trượt khi phanh,1,0.23
trượt trên đường trơn,1,0.23
Toán học,1,0.23
Computer Vision trong y tế: phân tích ảnh y tế,1,0.23
có thể cả 3D Reconstruction nữa ạ.,1,0.23
NLP (LLMs),1,0.23
LLM local,1,0.23
về ứng dụng của computer vision nhận diện chuyển động,1,0.23
con người trong xe tự hành,1,0.23
stereo camera,1,0.23
driver monitoring assitant,1,0.23
Speech Technology (TTS,1,0.23
SV,1,0.23
ASR,1,0.23
Voice Spoofing),1,0.23
AIMA,1,0.23
AI trong robot,1,0.23
ứng dụng AI trong các lĩnh vực khác,1,0.23
Chuyên môn hiện tại của em là về NLP,1,0.23
và Multimodal ạ. Ngoài ra,1,0.23
em cũng sẵn sàng để học hỏi thêm về các chủ đề khác ạ.,1,0.23
image analysis,1,0.23
digital twins,1,0.23
3D related,1,0.23
Chủ đề y tế,1,0.23
hỗ trợ cộng đồng,1,0.23
xã hội,1,0.23
Lĩnh vực kinh tế,1,0.23
xác thực giao dịch,1,0.23
làm việc với dữ liệu ảnh chụp giao dịch. Data Science,1,0.23
Các bài toán liên quan tới ảnh và video: CNN: classification,1,0.23
detection,1,0.23
các mô hình lớn (VLM): Qwen-VL,1,0.23
Florence,1,0.23
SAM,1,0.23
Security,1,0.23
Software Engineering,1,0.23
Distributed Systems,1,0.23
Fintech,1,0.23
Financial Investment,1,0.23
AI-based business models,1,0.23
…,1,0.23
Các lĩnh vực liên quan đến NLP hứng thú,1,0.23
bởi vì muốn nghiên cứu phục vụ cuộc thi AI Challenge sắp tới,1,0.23
về embedding space,1,0.23
ReACT,1,0.23
multimodel,1,0.23
hoặc AI Agent,1,0.23
"AI for Cybersecurity

Secure Machine Learning

Explainable AI

AI Application in Malware Detection

Privacy-Preserving Machine Learning

Natural Language Processing for Threat Intelligence

Federated Learning",1,0.23
Ứng dụng AI trong các lĩnh vực như Supply Chain,1,0.23
Biotech.,1,0.23
Robot(SLAM,1,0.23
Hardware deployment(Vision,1,0.23
LLMs),1,0.23
AI trong y tế đặc biệt là các bệnh về thần kinh,1,0.23
AI trong bảo mật,1,0.23
công nghiệp,1,0.23
mạng xã hội và tài chính .,1,0.23
test-time scaling,1,0.23
multi-agent,1,0.23
Trước mắt là real-time object tracking phục vụ cho công việc,1,0.23
tương lai xa hơn là mong muốn tìm hiểu thêm kiến thức về deep learning đặc biệt là LLM,1,0.23
Self-improving & Continual Learning AI,1,0.23
Affective Computing,1,0.23
AI and Neurotechnology,1,0.23
generative ai,1,0.23
Em mới bắt đầu học code và chưa có định hướng hay lĩnh vực quan tâm cụ thể ạ.,1,0.23
Embedding,1,0.23
Image and video processing,1,0.23
ngân hàng,1,0.23
data engieer,1,0.23
Ngôn Ngữ,1,0.23
Transformer,1,0.23
Large Language Model,1,0.23
Vision Transformers,1,0.23
Reasoning Language Model,1,0.23
Multi modal LLM,1,0.23
Healthcare,1,0.23
TimeSeries,1,0.23
semi-supervised learning applications,1,0.23
ứng dụng AI trong giáo dục,1,0.23
e quan tâm đến chatbot,1,0.23
agent,1,0.23
Quantum,1,0.23
vật liệu,1,0.23
AI trong lĩnh vực y khoa,1,0.23
Physics-based AI (Applying Physics Concepts to AI) // Medical,1,0.23
Ai agents,1,0.23
trading thuật toán,1,0.23
học máy và kỹ thuật dữ liệu,1,0.23
AI in Health & Bioinformatics,1,0.23
Em quan tâm về lĩnh vực Computer Vision là nhận diện hình ảnh,1,0.23
video,1,0.23
CV (optional),1,0.23
Lĩnh vực nào cũng được.,1,0.23
ML Algorithm,1,0.23
computer vision for healthcare,1,0.23
Multimodal Information Retrieval,1,0.23
Time Series Anomaly Detection,1,0.23
Time Series Forecasting,1,0.23
Time Series Foundation Models,1,0.23
Concept Drift,1,0.23
Vietnamese Sign Language Translation,1,0.23
Multilingual NLP,1,0.23
Xã hội,1,0.23
AI in Specific Domains,1,0.23
Al Agent,1,0.23
Deepfake,1,0.23
AI-generated images/videos,1,0.23
Xử lý ảnh y tế,1,0.23
AI y tế,1,0.23
Computer viíion,1,0.23
Smart House,1,0.23
Video Game,1,0.23
Traditional ML,1,0.23
AI cho time series,1,0.23
phân tích dữ liệu số như Forecast. AI tự động hoá công việc,1,0.23
Lĩnh vực y tế,1,0.23
Áp dụng AI vào kinh tế,1,0.23
. Hiện tại mình chưa thực sự biết chính xác khía cạnh cụ thể,1,0.23
sẽ dành thêm thời gian để tìm hiểu.,1,0.23
Y khoa,1,0.23
Neuroscience (esp. Sleep),1,0.23
signal analysis,1,0.23
genomics,1,0.23
Computer Vision (video understanding),1,0.23
GenAI/LLMs,1,0.23
Mất cân bằng dữ liệu bảng,1,0.23
NLPs,1,0.23
Tin y sinh,1,0.23
AI in heathcare,1,0.23
Quantum AI,1,0.23
Xử lý ngôn ngữ,1,0.23
xử lý ảnh,1,0.23
cybersecurity,1,0.23
computer vision and automation,1,0.23
Game,1,0.23
medical,1,0.23
Hình ảnh học,1,0.23
giáo dục,1,0.23
Ảnh trong y tế,1,0.23
chat bot,1,0.23
Tối ưu thuật toán,1,0.23
Natural Environment.,1,0.23
Knowledge Graph,1,0.23
Medical Image Data,1,0.23
Ngân hàng,1,0.23
Object detection,1,0.23
SLMs,1,0.23
hình ảnh học y khoa,1,0.23
Robotics.,1,0.23
reinforcement learning,1,0.23
AI in robot,1,0.23
Data Analyst,1,0.23
Ngôn ngữ tự nhiên,1,0.23
mô hình ngôn ngữ lớn,1,0.23
Suppy Chain,1,0.23
Inventory Optimization,1,0.23
Demand Forecasting - Retail,1,0.23
FMCG,1,0.23
AI in medical applications,1,0.23
NLP(đã thực hiện 1-2 projects),1,0.23
CV trong medical field(không kinh nghiệm nhưng có 1 chút kiến thức nền trong CV),1,0.23
thuật toán optimizer,1,0.23
dynamic risk management supply chain network design & material sourcing,1,0.23
auto project management officer.,1,0.23
Quantum Computing in Machine Learning,1,0.23
Computer Vision - Medical Image Segmentation,1,0.23
xử lý ảnh y tế,1,0.23
BA,1,0.23
quản lý đô thị và giao thông thông minh,1,0.23
nông nghiệp,1,0.23
Em quan tâm đến AI agent và Vision-Language Model,1,0.23
Visual Question Answering,1,0.23
Retail,1,0.23
Ecommerce,1,0.23
Media,1,0.23
Business,1,0.23
Mình quan tâm đến AI trong các lĩnh vực về Kinh tế,1,0.23
Risk,1,0.23
Quản lý công,1,0.23
y học,1,0.23
dược phẩm,1,0.23
business,1,0.23
etc. and applications in business,1,0.23
in finance,1,0.23
insurance,1,0.23
supply-chains,1,0.23
etc.,1,0.23
Em đang theo ngành toán tin,1,0.23
có nền toán và lý tốt. Em quan tâm đến các vấn đề như: giải thích và hiểu mô hình học sâu,1,0.23
ứng dụng AI trong vật lý,1,0.23
hiểu sâu hơn về AI y tế.,1,0.23
hiện nay,1,0.23
em đang muốn hướng tới lĩnh vực AI Agent,1,0.23
mục tiêu là tạo ra một hệ thống hoàn chỉnh để ứng dụng các bài toán với mô hình phù hợp,1,0.23
đặc biệt,1,0.23
hướng đi của em là CV,1,0.23
khoảng thời gian hiện tại em đã và đang đi qua một số bài toán retrieval và sau này em vẫn tiếp tục hướng đi bây giờ,1,0.23
Computational Biology,1,0.23
Time series,1,0.23
Kinh doanh,1,0.23
embedding models,1,0.23
ai agents.,1,0.23
Medical AI,1,0.23
NLP - Psychology,1,0.23
AI trong lĩnh vực y tế,1,0.23
Em là newbie đang tìm hiểu thêm ạ,1,0.23
Em mới có hứng thú trong lĩnh vực nlp,1,0.23
nhưng có thể tham gia chủ đề khác,1,0.23
Dạ hiện tại em hứng thú với NLP và các LLM ạ.,1,0.23
AI trong lĩnh vực y tế (chăm sóc sức khỏe,1,0.23
chẩn đoán bệnh,1,0.23
AI trong lĩnh vực kinh tế (cổ phiếu),1,0.23
AI trong thể thao (object detection,1,0.23
tracking,1,0.23
Explainable AI (XAI),1,0.23
Recommendation Systems,1,0.23
Optimization & AI Planning,1,0.23
Advanced Time Series Forecasting,1,0.23
AI trong phân tích dữ liệu và hỗ trợ ra quyết định trong kinh doanh như Machine Learning ứng dụng (Customer Churn),1,0.23
xử lý ngôn ngữ tự nhiên (NLP),1,0.23
phát hiện gian lận (Fraud Detaction),1,0.23
AI for Digital Transformation,1,0.23
Mình quan tâm đến computer vision,1,0.23
medical AI,1,0.23
Supply chain optimization,1,0.23
Mathematics for ML,1,0.23
Multimodal Models,1,0.23
Reinforcement Learning.,1,0.23
Áp dụng ML,1,0.23
DL kết hợp thuật toán tối ưu để giải quyết các bài toán nghiên cứu về kỹ thuật tối ưu hoá gia công,1,0.23
cơ cấu mềm,1,0.23
AI trong lĩnh vực Y tế,1,0.23
Sức khỏe,1,0.23
xe tự hành,1,0.23
MBA,1,0.23
AI trong y tế (medical images,1,0.23
time series,1,0.23
predictive modeling,1,0.23
Bio,1,0.23
Music,1,0.23
Multimodal,1,0.23
Recsys,1,0.23
Ngân Hàng,1,0.23
LLM...,1,0.23
Finance Application,1,0.23
Sentiment Analysis,1,0.23
GAN,1,0.23
Explainable AI,1,0.23
Ứng dụng AI trong xử lí dữ liệu tín hiệu sinh học,1,0.23
dịch vụ,1,0.23
Xử lý ảnh trong y khoa và computer vision,1,0.23
medical và AI Agent,1,0.23
Computervision,1,0.23
chatbox,1,0.23
Thương mại điện tử,1,0.23
Federated Learning,1,0.23
"- Machine Learning
- Deep Learning
- Natural Language Processing
- Large Language Model
- Computer Vision",1,0.23
ứng dụng,1,0.23
Data,1,0.23
Thật ra em là newbie trong lĩnh vực này nên cũng chưa rõ hết các khía cạnh,1,0.23
chủ đều của AI. Do đó em sẵn sàng tìm hiểu mọi thứ để có cơ hội va chạm nhiều,1,0.23
bổ sung kiến thức cho bản thân,1,0.23
GNN,1,0.23
Deep learning,1,0.23
ChatBot,1,0.23
Ứng dụng AI xử lý ảnh y tế,1,0.23
Ứng dụng các biện pháp chuẩn đoán y tế từ xa AI+ IoT,1,0.23
Traditional Machine Learning,1,0.23
Vision Language model,1,0.23
Tối ưu hoá,1,0.23
áp dụng làm mô hình dự đoán,1,0.23
suy đoán và tối ưu hóa mô hình.,1,0.23
Ứng dụng AI trong việc xử lý,1,0.23
phân loại tín hiệu y sinh (time series signal),1,0.23
tín hiệu hình ảnh (medical image),1,0.23
em chưa biết,1,0.23
Em quan tâm đến lĩnh vực NLP,1,0.23
CV và GenAI.,1,0.23
Image matching,1,0.23
Document understanding,1,0.23
AI y tế và Vision Language Model,1,0.23
Human-AI Interaction,1,0.23
Creative AI,1,0.23
"CV 
AI trong giáo dục",1,0.23
ngôn ngữ,1,0.23
trị liệu cảm xúc,1,0.23
Vận dụng mô hình như GNNs,1,0.23
CNNs,1,0.23
RNNs,1,0.23
Transformers giải quyết các vấn đề trong thực tiễn,1,0.23
LLM và Computer Vision,1,0.23
MLLM,1,0.23
"Triển khai mô hình học máy trên thiết bị nhúng
Đặc biệt trong lĩnh vực xử lý ảnh y tế",1,0.23
Các lĩnh vực về tài chính ngân hàng,1,0.23
rủi ro...,1,0.23
Convolutional Neural Network,1,0.23
AI trong Giáo Dục,1,0.23
"Data Science in Agriculture field.
Time series Forecasting (for Sales/ Inventory/ Storage/ Delivery/ Products) or
Classification (Detect if fruits (tomatoes",1,0.23
"flowers..) has any diseases) or
Chatbot Agent (for enterprise (Microsoft Copilot) integrated Microsoft Fabric for helping illustrate graphs by requirements from users",1,0.23
be able to answer question about company,1,0.23
AI ảnh y tế,1,0.23
Vì em chưa có nhiều kiến thức về AI nên cũng chưa định hình được khía cạnh hay lĩnh vực nhất định nào ạ.,1,0.23
CV (trong đó NLP > CV),1,0.23
AI Agent (automate a sequence of tasks),1,0.23
Là một người mới bắt đầu tìm hiểu về AI,1,0.23
em muốn hiểu sâu hơn về AI,1,0.23
CV và NLP.,1,0.23
Hình ảnh nói chung,1,0.23
hình ảnh Y tế nói riêng,1,0.23
ứng dụng AI trong y tế,1,0.23
Ứng dụng AI để tối ưu hóa tồn kho (Logistics),1,0.23
Camera phân tích layout kho và hiện trạng hàng hóa trong kho để đề xuất lộ trình lấy/ cất/ châm hàng theo thời gian thực,1,0.23
và các ứng dụng khác của AI trong lĩnh vực logistics.,1,0.23
Personalized AI,1,0.23
Human-Centered AI & ứng dụng AI trong giáo dục / phát triển cá nhân,1,0.23
NLP + LLMs,1,0.23
NLP và ứng dụng AI trong An ninh mạng,1,0.23
Vision-Language,1,0.23
VLA,1,0.23
LLM là chính ạ,1,0.23
Computer Vision và áp dụng Time series trong AI,1,0.23
Health care,1,0.23
chưa có,1,0.23
AI in Healthcare,1,0.23
Medical Image,1,0.23
ViLLM,1,0.23
LLM Reasoning,1,0.23
Psychology,1,0.23
Spirituality,1,0.23
Xử lí ngôn ngữ tự nhiên,1,0.23
Time series for sensor,1,0.23
image for robotics,1,0.23
control robotics,1,0.23
AI for healthcare,1,0.23
Agent-based modelling,1,0.23
tín hiệu y tế,1,0.23
Machine Learning (ML),1,0.23
Deep Learning (DL),1,0.23
Natural Language Processing (NLP),1,0.23
Ứng dụng AI trong lĩnh vực tài chính,1,0.23
AI in supply chain management,1,0.23
finance,1,0.23
LLM - CV,1,0.23
AI automation,1,0.23
new models,1,0.23
Data Science/ Data Mining,1,0.23
Integrating Reinforcement Learning with Explainable AI for Real-Time Decision Making in Dynamic Environments,1,0.23
AI in healthcare,1,0.23
Bất kỳ lĩnh vực nào,1,0.23
nếu được mình mong muốn tham gia lĩnh vực có liên quan đến kinh tế,1,0.23
nhưng có thể tham gia bất kì lĩnh vực khác để học hỏi thêm.,1,0.23
Dự đoán,1,0.23
mô hình suy thoái,1,0.23
dự đoán tuổi thọ còn lại (RUL),1,0.23
timeseries,1,0.23
học máy,1,0.23
AI for Scientific Discovery,1,0.23
cơ khí,1,0.23
AI for education,1,0.23
bioinformatics,1,0.23
Diffuser,1,0.23
Y Tế,1,0.23
Lĩnh vực tài chính,1,0.23
quant trading,1,0.23
AI trong công nghiệp/y tế,1,0.23
Tạo ra model dự đoán xu hướng cho doanh nghiệp,1,0.23
AI AGENT,1,0.23
large multimodal model,1,0.23
ML (Reinforcement Learning)/DL,1,0.23
Time-Series,1,0.23
AI and sustainability.,1,0.23
NLP trong Operation Management,1,0.23
Dữ liệu time-series,1,0.23
Audio optimization,1,0.23
speech to speech,1,0.23
natural language understanding,1,0.23
AI trong ngành Ngân hàng: Phân loại khách hàng,1,0.23
Nhận diện chứng từ thật giả,1,0.23
Credit Scoring.,1,0.23
Ngôn ngữ lớn,1,0.23
các bài toán liên quan đến Reinforcement Learning.,1,0.23
Mình quan tâm đến các ứng dụng của AI trong đời sống thực tế,1,0.23
đặc biệt là các hệ thống gợi ý,1,0.23
và AI tích hợp trong web/app. Mình cũng muốn tìm hiểu về cách huấn luyện và triển khai các mô hình học máy cơ bản,1,0.23
đồng thời học cách đưa AI vào các sản phẩm phần mềm mà người dùng có thể tương tác trực tiếp. Ngoài ra,1,0.23
mình cũng hứng thú với việc áp dụng AI để phân tích dữ liệu và hỗ trợ ra quyết định,1,0.23
vì hiện tại minh cũng đang học software nên được biết thêm về cách AI hoạt động cũng giúp minh khá nhiều,1,0.23
3d cloud point,1,0.23
Hệ hỗ trợ ra quyết định,1,0.23
AI + High Performance Computing,1,0.23
Hiện tại em vẫn chưa có quá nhiều kiến thức nền tảng và những lĩnh vực cụ thể của các lĩnh vực trong AI. Tuy nhiên,1,0.23
hiện tại em cảm thấy hứng thú với 2 chủ đề được các TA trình bày trong buổi khai giảng: AI trong y tế và AI Agent. Em quan tâm đến những mô hình có thể được sử dụng để chẩn đoán dựa trên lâm sàng cá nhân hoá của bệnh nhân; hoặc hướng khác thì có thể là xây dựng AI agent cho doanh nghiệp hoặc tổ chức trong tương lai,1,0.23
Hiện tại em đang quan tâm đến lĩnh vực computer vision cũng như là các kiến thức liên quan đến deep learning,1,0.23
Ứng dụng ảnh y tế,1,0.23
Predictive Analytics in Finance and Bussiness,1,0.23
NLP (Natural Languages Processing),1,0.23
3D Vision,1,0.23
Scene Reconstruction,1,0.23
Image & Video Understanding,1,0.23
Scene Understanding,1,0.23
medical image,1,0.23
data science,1,0.23
"- Tạo sinh và xử lí ảnh/video
- AI agent thinking qua nhiều steps bằng text",1,0.23
Ngôn ngữ,1,0.23
Y tế và Computer vision,1,0.23
LLM trong Y học,1,0.23
Tâm lý học,1,0.23
Logistic,1,0.23
manufacturing,1,0.23
AI trong y tế.,1,0.23
I want to take human as center and build A multi Ai agent systems wwhere each agent work independent and support my own work. and also I want to  build machines that can continually learn concepts (e.g.,1,0.23
properties,1,0.23
relations,1,0.23
skills,1,0.23
rules and algorithms) from their experiences and apply them for reasoning and planning in the physical world,1,0.23
"optimization techniques in AI pipelines
AI ethics and security
applied AI across key industries: Healthcare",1,0.23
Banking and Finace,1,0.23
Insurance,1,0.23
E-commerce and Retail,1,0.23
National security and defense,1,0.23
Hình ảnh y tế,1,0.23
